{
  "distance": 15,
  "rounds": 15,
  "shots": 10000,
  "seed": 12345,
  "erasable_qubits": "DATA",
  "p_tqe": 0.01,
  "p_fn": 0.01,
  "p_fp": 0.0,
  "max_persistence": 2,
  "reset_failure_prob": 0.0,
  "num_threads": 1,
  "max_batch_bytes": 268435456,
  "sample_time_s": 3.4966150419786572,
  "decode_time_s": 71.4866918749176,
  "total_time_s": 74.98330704215914,
  "sample_throughput_shots_per_s": 2859.9087631737752,
  "decode_throughput_shots_per_s": 139.88617654174428,
  "logical_error_rate": 0.0,
  "detector_shape": [
    10000,
    1792
  ],
  "observable_shape": [
    10000,
    1
  ],
  "check_shape": [
    10000,
    3375
  ],
  "prediction_shape": [
    10000,
    1
  ],
  "unique_check_patterns": 10000
}